{
  "session_id": "cc367350d007",
  "name": "session_cc367350d007",
  "grid": {
    "min_x": -14.19027984989031,
    "max_x": 10.996064164898334,
    "min_z": -6.599654384142909,
    "max_z": 18.930443694911496,
    "pixels_per_metre": 150.0,
    "width": 3778,
    "height": 3830
  },
  "room": [
    [
      9.937762914944699,
      8.436689754033932
    ],
    [
      1.186047133707529,
      16.37519290107613
    ],
    [
      -13.4448267516107,
      0.8224321226404392
    ],
    [
      -4.069061757730649,
      -7.217996644838511
    ],
    [
      -0.9722181688429963,
      -3.5813362835759506
    ],
    [
      -1.7393262137968168,
      -2.7574054204773972
    ],
    [
      -1.00062957791536,
      -1.9050631483064855
    ],
    [
      -0.11987589667208276,
      -2.7289940114050353
    ]
  ],
  "main": {
    "polygon": [
      [
        2.4293974982316673,
        13.383777028244829
      ],
      [
        7.729397498231667,
        8.530443694911495
      ],
      [
        -5.337269168434998,
        -5.9762229717551705
      ],
      [
        -5.370602501768333,
        -6.0962229717551715
      ],
      [
        -8.770602501768332,
        -3.1828896384218375
      ],
      [
        -7.877269168435001,
        -2.4362229717551713
      ],
      [
        -7.637269168434999,
        -1.9495563050885032
      ],
      [
        -7.530602501768334,
        -1.3895563050885045
      ],
      [
        -7.637269168434999,
        1.8504436949114975
      ],
      [
        -7.330602501768334,
        2.9837770282448286
      ],
      [
        -6.843935835101666,
        3.637110361578163
      ],
      [
        -5.710602501768333,
        4.057110361578163
      ],
      [
        -4.070602501768333,
        4.410443694911496
      ],
      [
        -1.7906025017683334,
        4.617110361578163
      ],
      [
        0.09606416489833336,
        4.997110361578162
      ],
      [
        1.276064164898333,
        5.397110361578163
      ],
      [
        1.7293974982316662,
        5.68377702824483
      ],
      [
        2.022730831565001,
        5.990443694911496
      ],
      [
        2.316064164898334,
        7.077110361578162
      ],
      [
        2.3027308315650004,
        8.690443694911496
      ],
      [
        1.8027308315650004,
        12.02377702824483
      ],
      [
        2.036064164898333,
        12.837110361578162
      ]
    ],
    "label": "Main Ceiling (1)",
    "notes": ""
  },
  "regions": [
    {
      "id": 0,
      "polygon": [
        [
          1.696064164898333,
          14.077110361578162
        ],
        [
          2.4093974982316677,
          13.390443694911497
        ],
        [
          2.0093974982316674,
          12.790443694911495
        ],
        [
          1.7960641648983344,
          12.02377702824483
        ],
        [
          2.2960641648983344,
          8.690443694911496
        ],
        [
          2.3093974982316663,
          7.077110361578162
        ],
        [
          2.022730831565001,
          5.997110361578162
        ],
        [
          1.7293974982316662,
          5.690443694911496
        ],
        [
          1.276064164898333,
          5.4037770282448285
        ],
        [
          0.5160641648983333,
          5.1104436949114955
        ],
        [
          -1.7906025017683334,
          4.623777028244829
        ],
        [
          -4.070602501768333,
          4.417110361578162
        ],
        [
          -5.683935835101666,
          4.070443694911496
        ],
        [
          -6.863935835101666,
          3.630443694911495
        ],
        [
          -7.337269168434998,
          2.9837770282448286
        ],
        [
          -7.643935835101667,
          1.8504436949114975
        ],
        [
          -7.537269168435001,
          -0.28955630508850305
        ],
        [
          -7.537269168435001,
          -1.3895563050885045
        ],
        [
          -7.643935835101667,
          -1.9495563050885032
        ],
        [
          -7.883935835101665,
          -2.4362229717551713
        ],
        [
          -8.777269168435,
          -3.1762229717551698
        ],
        [
          -11.797269168435,
          -0.5895563050885038
        ],
        [
          -11.837269168434998,
          -0.3428896384218376
        ],
        [
          1.522730831565001,
          13.990443694911495
        ]
      ],
      "label": "Ceiling Region (2)",
      "relative_y": 0.22767153118972194,
      "notes": ""
    },
    {
      "id": 1,
      "polygon": [
        [
          -8.630602501768331,
          5.937110361578162
        ],
        [
          -7.277269168435,
          4.577110361578162
        ],
        [
          -11.837269168434998,
          -0.3362229717551699
        ],
        [
          -11.843935835101666,
          -0.5495563050885046
        ],
        [
          -13.443935835101668,
          0.8237770282448302
        ]
      ],
      "label": "Ceiling Region (3)",
      "relative_y": -0.2697416946409732,
      "notes": ""
    },
    {
      "id": 2,
      "polygon": [
        [
          0.316064164898334,
          15.450443694911495
        ],
        [
          1.6760641648983334,
          14.18377702824483
        ],
        [
          1.689397498231667,
          14.083777028244828
        ],
        [
          1.5160641648983333,
          13.990443694911495
        ],
        [
          -7.350602501768334,
          4.617110361578163
        ],
        [
          -8.617269168435,
          5.957110361578163
        ]
      ],
      "label": "Ceiling Region (4)",
      "relative_y": -0.17508726461756452,
      "notes": ""
    },
    {
      "id": 3,
      "polygon": [
        [
          -1.3772691684349994,
          -1.6228896384218388
        ],
        [
          -1.0372691684349995,
          -1.9495563050885032
        ],
        [
          -1.7106025017683333,
          -2.7695563050885035
        ],
        [
          -0.9706025017683331,
          -3.576222971755172
        ],
        [
          -3.517269168435,
          -6.5962229717551715
        ],
        [
          -4.817269168434999,
          -6.5962229717551715
        ],
        [
          -5.363935835101666,
          -6.0962229717551715
        ],
        [
          -5.363935835101666,
          -6.01622297175517
        ]
      ],
      "label": "Ceiling Region (5)",
      "relative_y": -0.25915340336645376,
      "notes": ""
    },
    {
      "id": 4,
      "polygon": [
        [
          1.189397498231667,
          16.37711036157816
        ],
        [
          9.942730831565001,
          8.437110361578162
        ],
        [
          -0.11726916843499957,
          -2.7228896384218366
        ],
        [
          -1.3772691684349994,
          -1.616222971755171
        ],
        [
          7.709397498231667,
          8.510443694911496
        ],
        [
          1.696064164898333,
          14.083777028244828
        ],
        [
          1.6760641648983334,
          14.190443694911496
        ],
        [
          0.32273083156499993,
          15.450443694911495
        ]
      ],
      "label": "Ceiling Region (6)",
      "relative_y": -0.04612227738305985,
      "notes": ""
    }
  ]
}